address,mints
rQGCYdTV5wBEaDcCk1YAtLQNnyXKGFhU,2
rUx9BeNqtqKMjCQX8VBTjj384TXTGpCjG4,2
rg2NXbk5gUnYCMeyKFys3ervu3wMAhAnH,2
rUKec8cLJzgCGMURx7wG6SNmFsqiZDJhuw,2
raQSzWBReDmmA1syoB46DjW7b2wQ8ZvVfg,2
r3qebgzfnj8odT4uLUk7CkikwnocE1HFgB,2
rBYrS8TXXj6iY2s6qasdxeSsncXyDoKPso,2
rH86HhdS3ubsM74ENewbhAEHXEKqj5UGGo,2
rKL5s6i5E4TSEArvXABNxja5CrqqotfeDo,2
rhKHotQYR8QA1S62yraJkVknHR1u7DmJe8,2
rMoWMoW1gc4REuDtcHLVucWU39qrqD2yZr,2
rnrowXayT4tvxZgeQsbX3YaAXH1o2xD5Zb,2
rKo46z3Re1Tuw1rHF1vtDTuPNkhBcep97P,2
rDnBnmFvhUQfpmdBZWxZHyRxnaxKRxnjLU,2
rEgBrGhshce1d9n7B9HDHFV26Bfjvu19wT,2
rCianaCpH38M7aPLsqgt7VAyxchRu6BAK,2
rsTwpXdRU4JitSUkYcVhnmXsoG5PVjJvYz,2
rQfrsbGPA65yyMCtkbVUZFf1EFs1ssPpzT,2
rnQ4igjausQdBaQmacVEbw2QwQjdMVrXgB,2
rEGdtVbJp2FEcEd39pAZqkUXi3REwwdFvC,2
r3ZDA24HMkgsh5Ag3shFSqtch9Kjkr7bGp,2
rQH6SCoUnzWUvAjo7GH8eLbogqTeUyUEAF,2
rah1BfUvMmjF8nY32szPAJakHkLHF7cmzt,2
rPKLi4S8t7kTKaHXzdQUqKemUWsvUZPogm,2
rGT6cmFRT8sRgU3zk57MS4CqitJgBapNPF,2
rJ3m6qReLhPLrrxXfAuGbWUfNhmpdcuZSH,2
r39uidnVmUFv7nL1niSoPbVYRCQvkszp8F,2
rHs9zZBPZbsP5XpXkZq8uC6CTRYHEP6sBQ,2
r4uo8i75PU4MR3iCnA8dx6RqKvxKq7Mvta,2
rECH9ut8Xxspy6WkFahqxL1BZe3oGPEAsn,2
r4N3QfFRcedD6kyv9vbwBJ7iNE7qYMcTqn,2
r4U8oFizM9Pmqc3DQ6EzWWMQr7y1kDywoC,2
rMvNVDBsvsF1Ss99Lo5wukzhZgTg87KNZJ,2
rauyHPwrsTgreAg4mJbJEckiBqQLyL14sU,2
rftDKRXnNdN8CMaBRjDDsD2qaeiq2bq7w7,2
ra7Zj3GMAvuY7QEAJr1YADJ6Ss43Rxyo64,2
rEcCpXBFFyxWGgqXo3Ndca23nM6jSyF7uQ,2
rhKZoNPM2cWUS4gMAUCMEerH2kPxKYABwo,2
rwMJbffTFrXidcmY8kGjQQMu3tYamgbJGS,2
rBH8XhqVUoxck7N4n6hVYSWJJHUf4gRHux,2
rLXaVwYD2Hv4SuU9jRDbgMKUBXBv9bubJ5,2
r3jfnG4J5QSHvDVgMPz73QuSnbbdrYaeQE,2
rajQGCYdTV5wBEaDcCk1YAtLQNnyXKGFhU,2
r9JDdnzEBfU8abnETAUXhroNAG6q62JBZ2,2
rHtdHzdzMq4nNags9PX2AyfJ87u8WAbAQr,2
rK2WAEj5Y6sZBJrebqXC3V6KcBoEMRS1pf,2
rP9fxURKWexKgDY6BwcLK8zckCcVjVjrV9,2
rQHiMsFUTShugZseCdJ8XLR82ijrosVEuY,2
rKqqb5QZXVAL3VqXJL6obfRGeHou1DtyBV,2
rsQfigZ9RegbrMd5M5PAqhAfPDGy5XuG5k,2
rNFbQRgMq5g38bZuxBbhYjwvK8aKUuVEXw,2
rH1hxNmCaizBTeA7opRbypeDNRfxzickbk,2
rDwrsmmDTS6oLtaKdrePSs7e5cuPYnqUCA,2
rUv4X1NEcqA6rtnd8DjiYycSCDYVrn1Tc8,2
rpJVkR1PxHfSL4EHzK39VnQx8ggCPqkF9i,2
rwUizXmsSpWwN6vwynEGLwuk8au9nHvPHm,2
rMa4j3wxKePsCzr2avrTathddeV8rPuk8b,2
rN522JmJcR1WtaFLma7MPWws3Xcj7vqMTU,2
rHL7V7Q2yJ3iAmhKBJhaayFunSGZMFmAu5,2
rGud4AnSavKy3p97Wky6hdYzMTNwa4Mzwk,2
rEPR5XZjXDUMy65K5qUMgGFVqqo8CiA8AU,2
rNis1BmrSxZPZ5CToYdXhoeaFhByLtBME6,2
rwnR8PbyBw6KN1gUw7Hh8JDX95oodEmnEi,2
rLadbCqcKDZJCPCuQE3SUYnZpRc9LVPPTM,2
r9KhE4z4VAfWZtF9eaLsLznmt8D8Q8aFTU,2
rnFtumPCLSsNAsdEeWEAygygWmBckXoNcR,2
rH9Xhvynbv97aVP2Gb5vxsA4Gdu4VroghT,2
rwsFAQh6gXwxfjbiLeUQGp4RWdy6XL49oY,2
rQBejzt2JfeqsYDMZw6zBZLe7tuWrzAPtb,2
rhvRDkUakj8m5TibM4nLwss2b8tWK5KTXs,2
r45rfZihKhrgU3hbPQigBmmgaddjmAqBpU,2
rMyywVe18EX1gq1XgckcGNwe1ZCqzYk4Fb,2
rfmC8yr12GLCzx82gxhmss5kwVxk8WeBt9,2
rEg6YiKprXKiDTqGbV6BxuLt5jbGrMSz59,2
rUJkhzMbpmjXdb3vYKSXUevmUqJzQh7Ajo,2
rM3z2EXyDEG1RnhxWhqbEKKpAnWaP6JmVe,2
r4pAprYdduxQxNLutp2XhyEvphwYSdFypK,2
rPt1ynxNHo92Kn5kPNKX1d8TXb5zxzg9f3,2
rMXPaHKBVSBEw8jv9cws5mxwKWRPDZy7G1,2
rEjoMScC2FnAr2HQPbkWJuoPGWXuL84Pjk,2
rLuqPTLjDoWHfn4SReYEUPWPgY8QEefbZR,2
rMyrps19kFxNngQakQ8ifPuBUD8Nd4YP4N,2
rPdCVHVtmCh1dtiWzTHqXtp2Dv7MjQtNZJ,2
rBFghEJztcmZbhtc5ao4xhoGMS2cn9jM2h,2
rBSRVcNKg66iuUhYeVRP5bWx4TSNahYSDA,2
rUTryFLF6XBrtt3CYddx6tD5dCL4t2Mebk,2
rLHifxbXJ6QuRK1KwQtEhCRwpQXa1Nbsfg,2
rBy8X3XdHtzhTeMDDpen63M3hRQaQuHput,2
rfjj9aCQLVtwh3pfDZ8s5yCAjYHY5817Ci,2
rnfqF8eoVwWWCqU1iZNi7UEEnsUGsjxMhJ,2
rGPkwRvV3nFatYW7YTKKW4ip35cfd1n3QN,2
rwN8Nsvyn6vzp3zvGqarBoFyhDbPMxQ55r,2
rBqDEpAsWLm8Av62eYP55NCRG1YWhYDtjA,2
rG77aUzsiwCHBw3MEdEcV78uPefHtx885t,2
rJ3yRffVpwzgEfrGHxe3m6rjSabE7Qak4Y,2
rnmWH1mPW1FHvtDKDM22V7Fk7Cq27q83uQ,2
r9qM4k5ZUNi6o7Lf7nvRfHXBL1T5hqPpEZ,2
rGqjPtLVnFZv7cfZn2WKvH2pDcc3XHGMeG,2
rK8jQXUV4aPeir53zcy2GZCdEJYXUq2UX8,2
rHSvGPxe4zS2FaFrSGoux2hyy3jB4EU76w,2
rsswwrYG5UPp8yJYRH4HVyzbxg8JCmmcaR,2
r4jDhMv1KdMLunGKUHoTRSWywWinAGc4VF,2
rfCHpFCwGtAa8zzUMDhD2YJvZCTxYEwBx1,2
rNBDv5FngPKQmoBnAH9vxGwrbAyCYaHRZ2,2
rKXVPMMgkic7Q4CBEDE3w4wrSzspFaqbR1,2
rnMYZgTs6VsqJtkmwLLRnzvwoZMs6PTEhH,2
rBU2SvTWeaQEXfGHdYagFVT3eYvuRTEdXD,2
rLmF49CMpFgqQQREZprDi41EWmMQ9uPDKq,2
rGuZ1aP712n7VBfL2dk2TcKAbcWhezbNQx,2
rhPPUuYTZemv5kjrLGySqQJfGv1k3C4rTA,2
rNrj8ck1Fe2g9VH8aecjtrmkBL8c8q44Lp,2
r97kTgtmFKQcKcCYKj9NCNh2xsb65VV2Qk,2
rDc4w91PAtqZWany8q3MWdKaunAwqDxGMh,2
rpUJqbSn3SMyreHR1bCRvTpQ9aLPvmWxgF,2
r3LnVund8aN6mGRHuNnDMYm2UXqLGVMkvL,2
rhvEzG9hwfB2eCd7HjbV3xpwr6FKhx4zBL,2
rEPAirWnCfqxJquZwK5EKMFebXxxX8ms3q,2
rfuHXK3tUUvMxXdYHreCyY2muKEqHtjjhs,2
rBodLLeMx7mqEBv4B2BsaWeTJYnALQddd6,2
rKa2baNNAhDX2AScGkc5UiCKRFRx1GRoiF,2
rJsKaF6fuZJVq4B459LX6RGZcqbJhoheng,2
rGF1yqVqwv6Lm5RzgvSrnfR9tsqgXCzc53,2
rsbds2ej1deEYr9GiVgM2GdEVQtoCkFLiP,2
rn5wsJKGZtRBDCYGsVydghKndsQZY21da7,2
rMbNjSwd3VdJDELqEbLN6Lv2s7w1TJ2Nzm,2
rQn1pHf8EXWrTweD2rmpXdjoU6fHHXGNLr,2
r4sfkYzJq6YU1q94QaUYZhj5tbRTBu63zf,2
r3DEfWzcEifPWkPDvA5tfBy6NRgHJUCsxy,2
rfxubMo3hi5BuK8Gj7uL7Qf36LsfczbHJM,2
rfBinMNDKLK97WT9a9E1vQ2rnVoLGhTKNB,2
rP2S9a3fko9ZMMuQ1NH9eEnBaBGW9ZbvqL,2
rpgYQd2fnmphY8SSBe91831gv7pLjaxff9,2
rHnDVykyLuF8468k24o3HhCRQKEAGw916w,2
rsYxnKtb8JBzfG4hp6sVF3WiVNw2broUFo,2
rQQQrUdN1cLdNmxH4dHfKgmX5P4kf3ZrM,2
rhA5i9dWtXprHXYiAzgUdRoyybGmfnV9Pj,2
r9n33aVhaTj39p3xoagwAVNniLfgyG44Uh,2
r9KrzpJzbDKf7HsbVtfGZNFdLsk4W3NFy5,2
rMBJxCVgQE837nsYcFrDjrQMJKPd1Vm5g1,2
rwqwufPNcgUsTQYjpjVZALRcuxYkwJsYfG,2
rKSvp8r6kAd7J3A1dVW8QtQ3rayq7GArfZ,2
rKr5GW5LPgVRpabxmKix8EbycGbuuNUCdz,2
rhoMhj5kDoPJ4A3gW19C4LLsyPT9TtaU2D,2
rUQqs366Acp3korqcDBvixxUgmUd6fDQJd,2
r3NhSngXdsxzQmSW54BSd9CLZfHrEJK7qV,2
rCianaRPoAxSLjS6Hz6xPguL87fikrSEF,2
rGpToVRixMtwfKSeYJsqzn9e5r519Fazoj,2
rKiNWUkVsq1rb9sWForfshDSEQDSUncwEu,2
rNsypnUKGMP4BiAX1WubY3aMJwsG9WcYEr,2
rPCw9Tt3RDKPi5jrQy68MALPhZamBW6xhm,2
rCHTsNm6DdSBmRr5RXox6ptvAwh7rdsh2,2
rJzyW3mQuANHZ4omRrLedd9CWGwXJNMa6J,2
rUeTU5eZqTWnn9f7P4AkfEsHcVRj85CUT9,2
rDLtxrBjfjze1NyFPfrNb2rxdUz5tiMjdv,2
r3Yz7rF4TamCv5BgDGQhn2u1QwGm3SbUHR,2
r9Z8SAFjFUuqpnh2dKcWF2ycCYtrxAUBPc,2
rGULyqFqKMZPh14F66TzGX8Y5rLt2Uyf9e,2
r9GZYCxjxLuSjeVkX4U8nX4YHTahHFDmJZ,2
rMPBpHKVgkbwaWPYFtN6mpVJuPsRyLM3oy,2
rJn1CTVKMovRAR5VtpTHYhb89iiG11g1Ey,2
rECXyJEqjS8BUEjU6Hk7TwHJJFWkMZBhGD,2
r4drSEpLwt1h11oiPUdhAfeXUYhJZmKePa,2
rfxr3uNag866csND3EZeYAwsu244cjnD8c,2
rPypt3eyVaNCuBihFQxxBNY8GKXwYTtdr9,2
rJ7dmJFGRnbGuC8ZKCWp6wbd7mzRdUBRWf,2
rTwpXdRU4JitSUkYcVhnmXsoG5PVjJvYz,2
rUstybALZiejChFkgJtsP33hBCkb8yEYGn,2
rhB3AjwAf25u8reZd1AB2QynLorD4iN37P,2
rEeZTW64fTwErNvKfh29ZtEBVvy2dtN3kV,2
rsYHDZQzJtbMVK1hNy6bScNVj4m5HtpokF,2
rfakxbdmroQpQzZBL9caDP9RYxmSKuNZj5,2
rwj6iNj4VXM7BNiLMiR8wjhoKGQFSita4e,2
rzA2LsDCvghS8qR9FWPP4b8GTdAhTazhD,2
r3puC1kAXqo4kzeD53NZ1wPgNjAmyKan9o,2
rP1U7br6xhNpPxV8onXhDfdg8F8BGP5iFH,2
rMiLadyyynYjNb3b7jz5rAP9QfviuyoG9w,2
rf78tjLiKYWG6mH6rWCAP2KNZNfu4mXv7R,2
rJYsPxWmfqzeTcFPSJfTFBQ9vxxPoLQnvn,2
rEqtQj662PMqja6Cb3pyK5V6xi2RGbcFxD,2
rsab4t6saXy6V74ja77p9YF5533tt3MUv2,2
r4icVRemT47rYg99uwo7KjQbp9jGLgSZRR,2
rCSCdAn63Rx4qodvnZ81TRcmZNu4WjEtP,2
rKNVUBxSf9nKVHpPxYJpJAvsc3pabRdsak,2
r9ecvZiwQGoP6rxYV1cjy6v2iEquZadwxP,2
rThREeXrp54XTQueDowPV1RxmkEAGUmg8,2
rGQUgpZsHA5R38b3d7uP33FAL2HJMuQqzX,2
r9vLJhJG2mfdEuU4joACKLx6ovMLeuiaSC,2
rs68aPzEvYComK9ptb7cGu9LpvaqJtWqEQ,2
rUVkTP3SkoRSgVUP4idf1XPVFyZhi5W6T5,2
rMiKEuZmgstWcqjtcv9DY6QEYfmN5giWTg,2
rGa8ywjVGthShG28qjVhpWfVB2RVYVPYnX,2
r9fXBxqiYHodXFmcyiR8GoPhEhLBVBG1b8,2
r3ipT7G99Ftwcrbqj1utEfZ6ph9sPEQg1o,2
rHJnTM27XAFiw9N6BtummQYTK9CpFPWZHc,2
rJJgi5Je9gzgxytXmqquR9xMikYp9dNtpr,2
rN5ueYk9MMnCBLrhsyqa9R92XzLv5rUU74,2
r9NYWS14TPZ4bjFrxgdMhysBFnSiqMLdu9,2
r3zr5q9NQzBtzBD4gduMRvZMJJbzcezb5Q,2
rPM9J6fi5AEpGMpmgN8FBY1UU7R7kqMpLM,2
r4Gw7YRbqW5q5N1sGK7mPeSjkzaCNCWQeR,2
r98AFavzLpD37uR7LZ25xEyTcoovS11aik,2
rpK2grmcWZgjBbHYQocTTwFYKn7YYsnaS1,2
rEGYHBkPKJHmYu985rtkxZonoxNav29EFQ,2
rXVyXXZR25qWQUo5367fGS33WCkjGQ3qd,2
rpwVZvZqsSt4ptUVVn3UHPK2Rr19yhpVRT,2
r3cmmtvbZPetYYrgCVGMsCbNJfzGifYCB5,2
rNf9BA4KRzhqGZv4NQoKt1SW554GWZaheK,2
rPoJ6G4AG2otTwFLovQPK6f4bv3d24Sjnj,2
rEUb1UoeHxVXFHXNvjHfhoa2Fm5L1Akn2k,2
rUXxqBydzStBVz6fwHcJBzqxbnV7yASnrj,2
rDbu2z92aZdo6jkaEdctQ4j1XzfsMC42G6,2
r3BsMjVmAeTuAChrqHMVeLQWxt7BfQC1L1,2
rBn37Y7J8vE9Pc8xfYE3zKSVQNbmvw2H5L,2
rKj7Wjon8ms5HyG6ZGoCMs98cM9bFvHYSS,2
rWtkoeNoFbvQAqJgqSrWYw5W3dpxX37fE,2
rpqfoT4BLbRyQA612WsCwBcE2yKKRbKSFo,2
rEKr5XNuCztyNtEBv5GSBQuCnfMf5m4DoP,2
r9tNeQXfQwcwbk5T1PX5xfQpUbE1Pso2Ha,2
raUXAEo9dT6NWWDrpPs6muPQbmrAyxj7Xm,2
radT5HJfA6yWP2yvukhG1KxyQq38SybCZw,2
rhSTwqSK13zdRmzHMZZP8i7DnuG27pwX76,2
rUDZu9oNxBTChXLEqVcm5SunTMfLW86W5C,2
r9jpR7WjzdJ8yCdgBrZcdCiD1FnifnNRsh,2
rwietsevLFg8XSmG3bEZzFein1g8RBqWDZ,2
rHammeRtoeVXH1ZHLdNtCHEhcWQe5teLsJ,2
rK1K48MQHLv5eciWtfL9HNKMJvuYsocKLK,2
rHteUQWPi8sM47XLzbkHvd5qEynaXT2qbE,2
rPtnMPzqfTp5FMQbVCti2VDbmmJWeML1Cv,2
rGUAiTzsmRjaAUCHryj8t7KkiqTBZ6Npno,2
rUNPxo2JLSvzEoYNHyhENDNCAmbRkjguk9,2
rGyG8Y1bBDbvTsiQnnFMiguTCvYEp5f533,2
rpDWBi4QyGLvTMBzF16mKsyey5rCKRz69J,2
rZNGNyzSVBpEQWXjhZTQGkmDzKyAp1hnf,2
rP5iJTpyvjdTdisDfVUmZuTACWwSzEpfB6,2
ratUPU3tZjrbjR7Nf9x3EvbykccXukKVCs,2
rn9A4GWbmyph1fN4Li6QgrHy1qd4oKWaN6,2
rPBwMeDTbrkfVPkGCAVvWMeLXwXaTwMRz6,2
rBH7m2rKDs4EgWit3phcGiEkoTRUgBTYx7,2
rfungi3cbQKGX9vzVmS4j1UxBNjajjpjyK,2
raxJo2LQCgEScoJQ36e8PeWxRiNu2FaroF,2
rK281P95kagnJ7YhRZTDzMzdZwVaTvVapa,2
rnjwArWTGGyb9GcGA1GYkpqrLJ8KFRHN7T,2
rBcdF3k5mtJJABaZmseDdNtkSk9j3QQbq5,2
rUbmHGyf8WeBg2abqSXxfrarepXhWiPAt3,2
rGnBUCwMJSX57QDecdyT5drdG3gvsmVqxD,2
rH9jpP7uNrEZQGgU4dqe35UtEp9b3Q76s4,2
rwvr2UvJY7cRn6AdEMGR1qZ32S97vsBs6r,2
rJdoMZMNZnhVebe5FAjQL9xLEjQesvtX4i,2
rNh1YmuJwYTquWvg3512kY1nCzXsLe714z,2
rUiSw1cTQyzEC73MYCj681oCioxofo9ZEv,2
rBNmfMkbqnWzht5tv7ndYm23FEE1LrbfUb,2
rKTfTfDXbj5GeKHuE8PYWMuAWNNQiSRVxh,2
rUDN58U2W72p5846e3W5HnWybNhupvPuhX,2
rB7HXEpNtkPjkdCEmHf7U4icyBEx73aqD,2
rw1scMvAh4mJXQ4Fd6XPqAJRuxnTs9jeUM,2
rhAnvpjQqbXducBGdG2WpREk1j8eYSBLbJ,2
rMJqVvdDLjgxwwpyPCUVVAx9rUkA37tW7d,2
rE2Bd5GcatutLj2nEdGiyhjPvP7rhN1Gfv,2
rDJgRef8gLcR7KJ9E6edkUoyvxHN2SvMoP,2
r4QDa3RQAWbY7mBhXMHiVr2GxmVMHwf9ek,2
r98yAs2tdB7eegUnhNjvXzHyXVComTzSay,2
rhjCyqygRcvDfCk2PnMt5Tr19TTV5tYVNr,2
rLUyQK2rnFYGCVHSVKZWFp3hGw7276TcMB,2
rpTkpPy6hNgrbu6Q74U1shsRZRh6KrZjuz,2
rGQ1uDr8vCWLZmCJoNAdyzDu1UAP6tN3Tz,2
rDA1XCsjqTXPrWbMxMiQBmEJTTNc5TQnXU,2
r44MoneyvZgUo8wEidp6NXcghkZ8YVMdkB,2
r9ooVWoqgZw1FXB8SotivxMNCKvJxftDX8,2
rJADeEHPeMqkq7pzYi4gTyaReQ3siLFgES,2
rhvJJaAUT92ySaZT5K5X9c62EgZtGsW8gk,2
r4GishUaQfQ3sdcRwRTVQcCwRu5W46PucS,2
rnNxdMHpHGQNbqba2ZYiD6YPR8kZfRwaH1,2
rpW39nEJuViNoTCSZ2S7yZZNbAueJEbqnX,2
rsSDTfFq8zgLFcccw6vY84uBdwdU6TsF4T,2
rEtqTY8BNBYNLah3yXeasrJSJQxvkHQ7ro,2
rM5ciUrbcpgx62XwzM4hMG2XnuiF2EqX7r,2
rnkXPGbdpwNq1J95mUpkwwf3iBmHZKn2kY,2
rGnZnSCbr6JR38rqi3BpJ9wu1H4sskgsZX,2
rw1oVw3wfSmLiRmVzEBCcFp4enpmDd4vEF,2
rMCo5d8kYcbiBexKSEqBJJCDAEojzTQ1eV,2
rwsGdnsdUhmwBJoQPUQ1LBzhsxYQXrbfg6,2
rPkHzT2Kvm2DJcYUBpaZCFMowr9xahHJHK,2
rLddbeQsd1cVUxxqBMdKKxi89QBxVfMQMd,2
rHAs6pSd1f973NjwN8g4dbdzXkiGNfbvat,2
rP385NB1KHP3QjikMXAF4G1UPDsdq9zKhr,2
rVaRHUmW7oPspCUSvpmgxeceSHu9WcvpV,2
rp7HWPb2QgUYYcRirnjdUxB3SzGmgsmgc9,2
rpPkZkAg2SfuogesVTdnYfrri86y1VxuLG,2
rRAiN3VizgZXK6hZFbdKgsbU9BqvEBhTY,2
rHjswdxMFPchZZgGs8N99dEpRRqFTNZCkS,2
rsonARFcWSpL7Pag3rKXMQQN2RbgEJV6pu,2
rUHfPf1Djkz8y8iaE882PnXvAgMqjsgG75,2
rwX4zJqhsW2w3v7fUbJsyTG5YD9qocNNZr,2
rGrdd8fc6UUKS4ofsuiRe5GDY8oD1EdQ99,2
rnhwpvPWE6GLMP43JTtq34JkvQ685pmicE,2
rn9kSC6N91FzJen7xeFZfYjqTBCTmHCjaG,2
rLFTfHok47jpx2AZ3mPgZcTE4KMY585Nmz,2
rDYREjK8NYFA4hznV2ZFskCddTYuhqCTV7,2
rBJEWTgQCpk95fQfaMy9pmANK2JQ6Z4tpQ,2
rrn4FU4jtZ35ZGV4a6wei7DTnwTErmAmLp,2
rJg7RCySmptyUL1BszN9ybsY3YDH5nnzfQ,2
rM2pBAiEpRWogh7sEJseU3f641uH48mesp,2
r37M6u94M3P1imtviLyGR9gSZTaQPAsTHP,2
rng2nrkZRBLcBuj1X3ye3bGRia4CjHP5RC,2
rshZq9exa75fXyFxdqZvdzzv9kV2PHvjb5,2
r3N4XCi6mtEaXcbEpm77D7vEZPfykNWsx3,2
rEJvMXHzHzCaTTZApyzx5SoHF8itPxgxT8,2
rEtN2RTXAYD8UgpGgoGkBow4ejwEbLxsXH,2
rGufvTVSjY1GsLAFLENpx3dn6yURiAG1H6,2
rfFbVpiimxqkQufGcrQfqnz15h2xPBfk3g,2
rEYEKTWgfSvJmLapZWazUdwBxK747kecfD,2
rMbVhDjEUXRTrCrdZMifoazBX2mDRqkr4T,2
rGNhLm2pPKiuvPkTcNLNRyogpVnpXRnd5e,2
rKkow9ARevjFSTciVKeKcGnJC15Csnyw8P,2
rBDrvEo8bTzbFBa1szvu9mPHSUmDpqiSYi,2
rfQ7MVoAHqow3Qk1wv82rQ7FffpGXUxRzr,2
rwFjZa3GAiUq6zb5pkCgvpFduuWwFn3USJ,2
rpsbtzZ5NLabnmY1eKLQqdqge6djfgZc2o,2
rHU8nu9zSnCpkL3gShG4aGawHzaRVfmKwQ,2
rn2431ShqRBrxfGUFrxrixL31WdUjRHXYu,2
